filename,label
img_0000.png,10
img_0001.png,10
img_0002.png,7
img_0003.png,1
img_0004.png,3
img_0005.png,1
img_0006.png,9
img_0007.png,9
img_0008.png,4
img_0009.png,10
img_0010.png,7
img_0011.png,6
img_0012.png,7
img_0013.png,6
img_0014.png,8
img_0015.png,5
img_0016.png,3
img_0017.png,1
img_0018.png,5
img_0019.png,8
img_0020.png,9
img_0021.png,3
img_0022.png,10
img_0023.png,6
img_0024.png,1
img_0025.png,8
img_0026.png,9
img_0027.png,9
img_0028.png,2
img_0029.png,9
img_0030.png,10
img_0031.png,8
img_0032.png,5
img_0033.png,3
img_0034.png,9
img_0035.png,8
img_0036.png,9
img_0037.png,3
img_0038.png,9
img_0039.png,7
img_0040.png,1
img_0041.png,8
img_0042.png,8
img_0043.png,1
img_0044.png,6
img_0045.png,1
img_0046.png,7
img_0047.png,1
img_0048.png,9
img_0049.png,6
img_0050.png,2
img_0051.png,4
img_0052.png,7
img_0053.png,2
img_0054.png,8
img_0055.png,5
img_0056.png,5
img_0057.png,8
img_0058.png,6
img_0059.png,5
img_0060.png,7
img_0061.png,4
img_0062.png,10
img_0063.png,9
img_0064.png,4
img_0065.png,8
img_0066.png,6
img_0067.png,1
img_0068.png,5
img_0069.png,4
img_0070.png,6
img_0071.png,6
img_0072.png,1
img_0073.png,5
img_0074.png,1
img_0075.png,3
img_0076.png,1
img_0077.png,6
img_0078.png,8
img_0079.png,1
img_0080.png,9
img_0081.png,1
img_0082.png,1
img_0083.png,4
img_0084.png,1
img_0085.png,1
img_0086.png,10
img_0087.png,5
img_0088.png,10
img_0089.png,1
img_0090.png,9
img_0091.png,7
img_0092.png,3
img_0093.png,1
img_0094.png,10
img_0095.png,9
img_0096.png,5
img_0097.png,8
img_0098.png,7
img_0099.png,1
img_0100.png,3
img_0101.png,1
img_0102.png,3
img_0103.png,6
img_0104.png,2
img_0105.png,2
img_0106.png,9
img_0107.png,9
img_0108.png,2
img_0109.png,9
img_0110.png,10
img_0111.png,7
img_0112.png,2
img_0113.png,9
img_0114.png,1
img_0115.png,4
img_0116.png,8
img_0117.png,1
img_0118.png,4
img_0119.png,7
img_0120.png,9
img_0121.png,8
img_0122.png,6
img_0123.png,2
img_0124.png,6
img_0125.png,8
img_0126.png,9
img_0127.png,6
img_0128.png,5
img_0129.png,2
img_0130.png,4
img_0131.png,9
img_0132.png,2
img_0133.png,9
img_0134.png,1
img_0135.png,8
img_0136.png,8
img_0137.png,5
img_0138.png,7
img_0139.png,9
img_0140.png,2
img_0141.png,1
img_0142.png,7
img_0143.png,3
img_0144.png,2
img_0145.png,8
img_0146.png,3
img_0147.png,4
img_0148.png,1
img_0149.png,10
img_0150.png,1
img_0151.png,2
img_0152.png,7
img_0153.png,4
img_0154.png,10
img_0155.png,6
img_0156.png,7
img_0157.png,7
img_0158.png,5
img_0159.png,6
img_0160.png,6
img_0161.png,8
img_0162.png,8
img_0163.png,4
img_0164.png,4
img_0165.png,10
img_0166.png,5
img_0167.png,2
img_0168.png,3
img_0169.png,3
img_0170.png,10
img_0171.png,3
img_0172.png,10
img_0173.png,1
img_0174.png,7
img_0175.png,5
img_0176.png,2
img_0177.png,8
img_0178.png,6
img_0179.png,7
img_0180.png,7
img_0181.png,10
img_0182.png,2
img_0183.png,6
img_0184.png,3
img_0185.png,3
img_0186.png,2
img_0187.png,2
img_0188.png,3
img_0189.png,3
img_0190.png,5
img_0191.png,4
img_0192.png,6
img_0193.png,3
img_0194.png,10
img_0195.png,8
img_0196.png,3
img_0197.png,3
img_0198.png,4
img_0199.png,1
img_0200.png,4
img_0201.png,8
img_0202.png,1
img_0203.png,3
img_0204.png,8
img_0205.png,5
img_0206.png,8
img_0207.png,6
img_0208.png,3
img_0209.png,1
img_0210.png,1
img_0211.png,4
img_0212.png,1
img_0213.png,7
img_0214.png,7
img_0215.png,6
img_0216.png,3
img_0217.png,6
img_0218.png,5
img_0219.png,7
img_0220.png,10
img_0221.png,8
img_0222.png,8
img_0223.png,7
img_0224.png,10
img_0225.png,6
img_0226.png,7
img_0227.png,10
img_0228.png,4
img_0229.png,7
img_0230.png,4
img_0231.png,4
img_0232.png,2
img_0233.png,10
img_0234.png,4
img_0235.png,3
img_0236.png,5
img_0237.png,3
img_0238.png,10
img_0239.png,9
img_0240.png,8
img_0241.png,8
img_0242.png,7
img_0243.png,9
img_0244.png,1
img_0245.png,6
img_0246.png,6
img_0247.png,2
img_0248.png,8
img_0249.png,7
img_0250.png,6
img_0251.png,1
img_0252.png,4
img_0253.png,4
img_0254.png,3
img_0255.png,2
img_0256.png,2
img_0257.png,2
img_0258.png,10
img_0259.png,3
img_0260.png,1
img_0261.png,4
img_0262.png,7
img_0263.png,8
img_0264.png,9
img_0265.png,1
img_0266.png,5
img_0267.png,2
img_0268.png,7
img_0269.png,7
img_0270.png,10
img_0271.png,10
img_0272.png,1
img_0273.png,10
img_0274.png,8
img_0275.png,10
img_0276.png,10
img_0277.png,3
img_0278.png,4
img_0279.png,5
img_0280.png,6
img_0281.png,2
img_0282.png,8
img_0283.png,8
img_0284.png,2
img_0285.png,1
img_0286.png,10
img_0287.png,4
img_0288.png,10
img_0289.png,9
img_0290.png,4
img_0291.png,5
img_0292.png,5
img_0293.png,3
img_0294.png,1
img_0295.png,7
img_0296.png,3
img_0297.png,7
img_0298.png,8
img_0299.png,1
img_0300.png,7
img_0301.png,4
img_0302.png,9
img_0303.png,9
img_0304.png,10
img_0305.png,1
img_0306.png,3
img_0307.png,2
img_0308.png,10
img_0309.png,3
img_0310.png,2
img_0311.png,7
img_0312.png,9
img_0313.png,1
img_0314.png,7
img_0315.png,4
img_0316.png,9
img_0317.png,5
img_0318.png,5
img_0319.png,9
img_0320.png,3
img_0321.png,5
img_0322.png,10
img_0323.png,2
img_0324.png,5
img_0325.png,1
img_0326.png,2
img_0327.png,4
img_0328.png,3
img_0329.png,1
img_0330.png,5
img_0331.png,6
img_0332.png,1
img_0333.png,1
img_0334.png,2
img_0335.png,4
img_0336.png,1
img_0337.png,9
img_0338.png,6
img_0339.png,2
img_0340.png,4
img_0341.png,6
img_0342.png,10
img_0343.png,3
img_0344.png,6
img_0345.png,9
img_0346.png,1
img_0347.png,2
img_0348.png,8
img_0349.png,8
img_0350.png,8
img_0351.png,6
img_0352.png,9
img_0353.png,5
img_0354.png,6
img_0355.png,5
img_0356.png,3
img_0357.png,7
img_0358.png,9
img_0359.png,3
img_0360.png,7
img_0361.png,8
img_0362.png,9
img_0363.png,2
img_0364.png,4
img_0365.png,5
img_0366.png,8
img_0367.png,7
img_0368.png,5
img_0369.png,7
img_0370.png,8
img_0371.png,1
img_0372.png,7
img_0373.png,6
img_0374.png,10
img_0375.png,1
img_0376.png,10
img_0377.png,9
img_0378.png,9
img_0379.png,10
img_0380.png,1
img_0381.png,8
img_0382.png,2
img_0383.png,8
img_0384.png,1
img_0385.png,9
img_0386.png,10
img_0387.png,9
img_0388.png,4
img_0389.png,10
img_0390.png,8
img_0391.png,5
img_0392.png,9
img_0393.png,8
img_0394.png,2
img_0395.png,1
img_0396.png,4
img_0397.png,4
img_0398.png,5
img_0399.png,3
img_0400.png,4
img_0401.png,10
img_0402.png,10
img_0403.png,2
img_0404.png,8
img_0405.png,5
img_0406.png,4
img_0407.png,9
img_0408.png,4
img_0409.png,6
img_0410.png,3
img_0411.png,4
img_0412.png,8
img_0413.png,10
img_0414.png,6
img_0415.png,10
img_0416.png,5
img_0417.png,1
img_0418.png,3
img_0419.png,7
img_0420.png,9
img_0421.png,5
img_0422.png,2
img_0423.png,7
img_0424.png,7
img_0425.png,4
img_0426.png,9
img_0427.png,10
img_0428.png,6
img_0429.png,5
img_0430.png,10
img_0431.png,4
img_0432.png,7
img_0433.png,4
img_0434.png,5
img_0435.png,8
img_0436.png,5
img_0437.png,1
img_0438.png,1
img_0439.png,3
img_0440.png,1
img_0441.png,10
img_0442.png,5
img_0443.png,9
img_0444.png,5
img_0445.png,3
img_0446.png,10
img_0447.png,8
img_0448.png,2
img_0449.png,1
img_0450.png,5
img_0451.png,10
img_0452.png,9
img_0453.png,2
img_0454.png,3
img_0455.png,2
img_0456.png,3
img_0457.png,9
img_0458.png,2
img_0459.png,5
img_0460.png,4
img_0461.png,5
img_0462.png,5
img_0463.png,2
img_0464.png,3
img_0465.png,2
img_0466.png,7
img_0467.png,6
img_0468.png,7
img_0469.png,6
img_0470.png,7
img_0471.png,6
img_0472.png,8
img_0473.png,1
img_0474.png,7
img_0475.png,4
img_0476.png,9
img_0477.png,10
img_0478.png,4
img_0479.png,4
img_0480.png,9
img_0481.png,2
img_0482.png,3
img_0483.png,2
img_0484.png,10
img_0485.png,7
img_0486.png,4
img_0487.png,9
img_0488.png,10
img_0489.png,5
img_0490.png,5
img_0491.png,5
img_0492.png,9
img_0493.png,9
img_0494.png,8
img_0495.png,1
img_0496.png,10
img_0497.png,2
img_0498.png,6
img_0499.png,8
img_0500.png,1
img_0501.png,9
img_0502.png,9
img_0503.png,5
img_0504.png,2
img_0505.png,9
img_0506.png,1
img_0507.png,8
img_0508.png,3
img_0509.png,7
img_0510.png,2
img_0511.png,8
img_0512.png,4
img_0513.png,5
img_0514.png,2
img_0515.png,9
img_0516.png,2
img_0517.png,3
img_0518.png,10
img_0519.png,6
img_0520.png,9
img_0521.png,9
img_0522.png,3
img_0523.png,6
img_0524.png,9
img_0525.png,8
img_0526.png,10
img_0527.png,5
img_0528.png,5
img_0529.png,6
img_0530.png,7
img_0531.png,2
img_0532.png,5
img_0533.png,6
img_0534.png,10
img_0535.png,9
img_0536.png,7
img_0537.png,8
img_0538.png,9
img_0539.png,2
img_0540.png,7
img_0541.png,9
img_0542.png,7
img_0543.png,4
img_0544.png,8
img_0545.png,6
img_0546.png,6
img_0547.png,9
img_0548.png,1
img_0549.png,7
img_0550.png,3
img_0551.png,7
img_0552.png,6
img_0553.png,10
img_0554.png,1
img_0555.png,10
img_0556.png,3
img_0557.png,6
img_0558.png,7
img_0559.png,8
img_0560.png,2
img_0561.png,2
img_0562.png,8
img_0563.png,9
img_0564.png,4
img_0565.png,4
img_0566.png,9
img_0567.png,2
img_0568.png,9
img_0569.png,3
img_0570.png,3
img_0571.png,3
img_0572.png,1
img_0573.png,6
img_0574.png,2
img_0575.png,5
img_0576.png,7
img_0577.png,5
img_0578.png,3
img_0579.png,3
img_0580.png,6
img_0581.png,7
img_0582.png,1
img_0583.png,4
img_0584.png,9
img_0585.png,10
img_0586.png,4
img_0587.png,5
img_0588.png,4
img_0589.png,3
img_0590.png,5
img_0591.png,9
img_0592.png,7
img_0593.png,9
img_0594.png,10
img_0595.png,6
img_0596.png,5
img_0597.png,4
img_0598.png,2
img_0599.png,4
img_0600.png,9
img_0601.png,8
img_0602.png,1
img_0603.png,8
img_0604.png,3
img_0605.png,4
img_0606.png,7
img_0607.png,5
img_0608.png,2
img_0609.png,5
img_0610.png,1
img_0611.png,6
img_0612.png,2
img_0613.png,3
img_0614.png,9
img_0615.png,6
img_0616.png,10
img_0617.png,6
img_0618.png,3
img_0619.png,6
img_0620.png,1
img_0621.png,10
img_0622.png,3
img_0623.png,9
img_0624.png,7
img_0625.png,6
img_0626.png,10
img_0627.png,6
img_0628.png,1
img_0629.png,7
img_0630.png,7
img_0631.png,7
img_0632.png,9
img_0633.png,6
img_0634.png,8
img_0635.png,5
img_0636.png,9
img_0637.png,9
img_0638.png,9
img_0639.png,4
img_0640.png,3
img_0641.png,10
img_0642.png,9
img_0643.png,9
img_0644.png,10
img_0645.png,2
img_0646.png,9
img_0647.png,9
img_0648.png,9
img_0649.png,4
img_0650.png,3
img_0651.png,6
img_0652.png,8
img_0653.png,9
img_0654.png,1
img_0655.png,3
img_0656.png,1
img_0657.png,8
img_0658.png,9
img_0659.png,4
img_0660.png,6
img_0661.png,3
img_0662.png,9
img_0663.png,2
img_0664.png,1
img_0665.png,8
img_0666.png,10
img_0667.png,9
img_0668.png,9
img_0669.png,6
img_0670.png,6
img_0671.png,2
img_0672.png,1
img_0673.png,8
img_0674.png,2
img_0675.png,9
img_0676.png,5
img_0677.png,7
img_0678.png,1
img_0679.png,5
img_0680.png,4
img_0681.png,8
img_0682.png,8
img_0683.png,4
img_0684.png,7
img_0685.png,10
img_0686.png,4
img_0687.png,5
img_0688.png,8
img_0689.png,8
img_0690.png,5
img_0691.png,4
img_0692.png,8
img_0693.png,3
img_0694.png,6
img_0695.png,10
img_0696.png,3
img_0697.png,2
img_0698.png,4
img_0699.png,7
img_0700.png,10
img_0701.png,1
img_0702.png,3
img_0703.png,2
img_0704.png,1
img_0705.png,10
img_0706.png,9
img_0707.png,10
img_0708.png,1
img_0709.png,10
img_0710.png,10
img_0711.png,4
img_0712.png,7
img_0713.png,4
img_0714.png,5
img_0715.png,7
img_0716.png,2
img_0717.png,6
img_0718.png,2
img_0719.png,4
img_0720.png,8
img_0721.png,2
img_0722.png,6
img_0723.png,5
img_0724.png,4
img_0725.png,7
img_0726.png,5
img_0727.png,9
img_0728.png,1
img_0729.png,10
img_0730.png,3
img_0731.png,3
img_0732.png,8
img_0733.png,9
img_0734.png,9
img_0735.png,1
img_0736.png,5
img_0737.png,6
img_0738.png,7
img_0739.png,7
img_0740.png,5
img_0741.png,5
img_0742.png,8
img_0743.png,2
img_0744.png,5
img_0745.png,5
img_0746.png,6
img_0747.png,10
img_0748.png,10
img_0749.png,5
img_0750.png,4
img_0751.png,4
img_0752.png,8
img_0753.png,4
img_0754.png,10
img_0755.png,5
img_0756.png,2
img_0757.png,4
img_0758.png,4
img_0759.png,6
img_0760.png,3
img_0761.png,5
img_0762.png,1
img_0763.png,9
img_0764.png,5
img_0765.png,7
img_0766.png,2
img_0767.png,7
img_0768.png,7
img_0769.png,5
img_0770.png,5
img_0771.png,9
img_0772.png,5
img_0773.png,5
img_0774.png,5
img_0775.png,9
img_0776.png,5
img_0777.png,7
img_0778.png,6
img_0779.png,10
img_0780.png,2
img_0781.png,2
img_0782.png,7
img_0783.png,4
img_0784.png,9
img_0785.png,8
img_0786.png,10
img_0787.png,1
img_0788.png,3
img_0789.png,9
img_0790.png,1
img_0791.png,1
img_0792.png,4
img_0793.png,2
img_0794.png,10
img_0795.png,10
img_0796.png,6
img_0797.png,7
img_0798.png,5
img_0799.png,1
img_0800.png,6
img_0801.png,4
img_0802.png,9
img_0803.png,1
img_0804.png,7
img_0805.png,2
img_0806.png,9
img_0807.png,7
img_0808.png,6
img_0809.png,5
img_0810.png,1
img_0811.png,1
img_0812.png,7
img_0813.png,9
img_0814.png,3
img_0815.png,9
img_0816.png,7
img_0817.png,5
img_0818.png,6
img_0819.png,6
img_0820.png,5
img_0821.png,6
img_0822.png,9
img_0823.png,5
img_0824.png,7
img_0825.png,3
img_0826.png,5
img_0827.png,10
img_0828.png,8
img_0829.png,5
img_0830.png,10
img_0831.png,9
img_0832.png,5
img_0833.png,2
img_0834.png,1
img_0835.png,9
img_0836.png,9
img_0837.png,7
img_0838.png,1
img_0839.png,1
img_0840.png,5
img_0841.png,10
img_0842.png,7
img_0843.png,10
img_0844.png,8
img_0845.png,7
img_0846.png,6
img_0847.png,5
img_0848.png,3
img_0849.png,4
img_0850.png,4
img_0851.png,2
img_0852.png,6
img_0853.png,4
img_0854.png,6
img_0855.png,3
img_0856.png,2
img_0857.png,5
img_0858.png,10
img_0859.png,4
img_0860.png,8
img_0861.png,4
img_0862.png,9
img_0863.png,7
img_0864.png,3
img_0865.png,2
img_0866.png,8
img_0867.png,2
img_0868.png,3
img_0869.png,9
img_0870.png,3
img_0871.png,10
img_0872.png,10
img_0873.png,2
img_0874.png,5
img_0875.png,10
img_0876.png,6
img_0877.png,7
img_0878.png,1
img_0879.png,7
img_0880.png,3
img_0881.png,10
img_0882.png,7
img_0883.png,8
img_0884.png,2
img_0885.png,1
img_0886.png,2
img_0887.png,3
img_0888.png,5
img_0889.png,4
img_0890.png,3
img_0891.png,10
img_0892.png,9
img_0893.png,1
img_0894.png,9
img_0895.png,9
img_0896.png,6
img_0897.png,4
img_0898.png,5
img_0899.png,6
img_0900.png,10
img_0901.png,3
img_0902.png,4
img_0903.png,6
img_0904.png,2
img_0905.png,8
img_0906.png,1
img_0907.png,1
img_0908.png,7
img_0909.png,3
img_0910.png,8
img_0911.png,4
img_0912.png,7
img_0913.png,8
img_0914.png,10
img_0915.png,1
img_0916.png,2
img_0917.png,1
img_0918.png,9
img_0919.png,5
img_0920.png,9
img_0921.png,9
img_0922.png,10
img_0923.png,2
img_0924.png,3
img_0925.png,4
img_0926.png,10
img_0927.png,2
img_0928.png,2
img_0929.png,5
img_0930.png,2
img_0931.png,6
img_0932.png,5
img_0933.png,7
img_0934.png,9
img_0935.png,4
img_0936.png,6
img_0937.png,4
img_0938.png,6
img_0939.png,8
img_0940.png,7
img_0941.png,2
img_0942.png,2
img_0943.png,1
img_0944.png,8
img_0945.png,7
img_0946.png,8
img_0947.png,6
img_0948.png,9
img_0949.png,1
img_0950.png,5
img_0951.png,4
img_0952.png,3
img_0953.png,9
img_0954.png,3
img_0955.png,6
img_0956.png,7
img_0957.png,6
img_0958.png,6
img_0959.png,6
img_0960.png,4
img_0961.png,4
img_0962.png,1
img_0963.png,2
img_0964.png,6
img_0965.png,7
img_0966.png,2
img_0967.png,10
img_0968.png,1
img_0969.png,7
img_0970.png,5
img_0971.png,4
img_0972.png,1
img_0973.png,6
img_0974.png,4
img_0975.png,3
img_0976.png,2
img_0977.png,4
img_0978.png,7
img_0979.png,6
img_0980.png,7
img_0981.png,1
img_0982.png,4
img_0983.png,2
img_0984.png,7
img_0985.png,8
img_0986.png,9
img_0987.png,7
img_0988.png,6
img_0989.png,9
img_0990.png,6
img_0991.png,10
img_0992.png,6
img_0993.png,3
img_0994.png,6
img_0995.png,6
img_0996.png,7
img_0997.png,8
img_0998.png,3
img_0999.png,4
img_1000.png,9
img_1001.png,6
img_1002.png,2
img_1003.png,9
img_1004.png,8
img_1005.png,10
img_1006.png,10
img_1007.png,7
img_1008.png,7
img_1009.png,4
img_1010.png,1
img_1011.png,2
img_1012.png,10
img_1013.png,8
img_1014.png,1
img_1015.png,4
img_1016.png,10
img_1017.png,4
img_1018.png,10
img_1019.png,8
img_1020.png,1
img_1021.png,1
img_1022.png,7
img_1023.png,8
img_1024.png,4
img_1025.png,10
img_1026.png,5
img_1027.png,2
img_1028.png,1
img_1029.png,5
img_1030.png,5
img_1031.png,9
img_1032.png,3
img_1033.png,3
img_1034.png,8
img_1035.png,10
img_1036.png,3
img_1037.png,6
img_1038.png,2
img_1039.png,8
img_1040.png,10
img_1041.png,9
img_1042.png,4
img_1043.png,9
img_1044.png,1
img_1045.png,3
img_1046.png,5
img_1047.png,7
img_1048.png,8
img_1049.png,9
img_1050.png,10
img_1051.png,3
img_1052.png,9
img_1053.png,2
img_1054.png,3
img_1055.png,8
img_1056.png,2
img_1057.png,8
img_1058.png,1
img_1059.png,10
img_1060.png,9
img_1061.png,3
img_1062.png,5
img_1063.png,7
img_1064.png,10
img_1065.png,9
img_1066.png,7
img_1067.png,3
img_1068.png,8
img_1069.png,3
img_1070.png,10
img_1071.png,10
img_1072.png,4
img_1073.png,1
img_1074.png,5
img_1075.png,9
img_1076.png,4
img_1077.png,10
img_1078.png,5
img_1079.png,4
img_1080.png,5
img_1081.png,3
img_1082.png,7
img_1083.png,10
img_1084.png,9
img_1085.png,8
img_1086.png,2
img_1087.png,6
img_1088.png,7
img_1089.png,2
img_1090.png,3
img_1091.png,7
img_1092.png,10
img_1093.png,6
img_1094.png,8
img_1095.png,3
img_1096.png,10
img_1097.png,7
img_1098.png,1
img_1099.png,8
img_1100.png,9
img_1101.png,5
img_1102.png,4
img_1103.png,1
img_1104.png,2
img_1105.png,4
img_1106.png,8
img_1107.png,6
img_1108.png,7
img_1109.png,5
img_1110.png,9
img_1111.png,2
img_1112.png,7
img_1113.png,3
img_1114.png,7
img_1115.png,4
img_1116.png,9
img_1117.png,8
img_1118.png,2
img_1119.png,4
img_1120.png,1
img_1121.png,3
img_1122.png,10
img_1123.png,6
img_1124.png,8
img_1125.png,7
img_1126.png,8
img_1127.png,8
img_1128.png,3
img_1129.png,4
img_1130.png,9
img_1131.png,5
img_1132.png,1
img_1133.png,4
img_1134.png,5
img_1135.png,9
img_1136.png,4
img_1137.png,8
img_1138.png,9
img_1139.png,2
img_1140.png,6
img_1141.png,1
img_1142.png,8
img_1143.png,10
img_1144.png,1
img_1145.png,2
img_1146.png,1
img_1147.png,4
img_1148.png,10
img_1149.png,3
img_1150.png,7
img_1151.png,6
img_1152.png,7
img_1153.png,6
img_1154.png,1
img_1155.png,5
img_1156.png,9
img_1157.png,9
img_1158.png,7
img_1159.png,5
img_1160.png,7
img_1161.png,7
img_1162.png,2
img_1163.png,2
img_1164.png,1
img_1165.png,9
img_1166.png,1
img_1167.png,7
img_1168.png,2
img_1169.png,8
img_1170.png,9
img_1171.png,3
img_1172.png,3
img_1173.png,4
img_1174.png,7
img_1175.png,2
img_1176.png,8
img_1177.png,7
img_1178.png,8
img_1179.png,3
img_1180.png,7
img_1181.png,3
img_1182.png,1
img_1183.png,10
img_1184.png,8
img_1185.png,6
img_1186.png,3
img_1187.png,1
img_1188.png,10
img_1189.png,8
img_1190.png,5
img_1191.png,3
img_1192.png,5
img_1193.png,7
img_1194.png,4
img_1195.png,1
img_1196.png,1
img_1197.png,2
img_1198.png,3
img_1199.png,3
img_1200.png,2
img_1201.png,9
img_1202.png,2
img_1203.png,1
img_1204.png,2
img_1205.png,3
img_1206.png,7
img_1207.png,5
img_1208.png,4
img_1209.png,4
img_1210.png,4
img_1211.png,2
img_1212.png,1
img_1213.png,8
img_1214.png,3
img_1215.png,6
img_1216.png,5
img_1217.png,7
img_1218.png,6
img_1219.png,2
img_1220.png,2
img_1221.png,3
img_1222.png,10
img_1223.png,8
img_1224.png,3
img_1225.png,3
img_1226.png,9
img_1227.png,3
img_1228.png,9
img_1229.png,8
img_1230.png,9
img_1231.png,10
img_1232.png,2
img_1233.png,2
img_1234.png,7
img_1235.png,9
img_1236.png,1
img_1237.png,7
img_1238.png,9
img_1239.png,8
img_1240.png,7
img_1241.png,6
img_1242.png,2
img_1243.png,10
img_1244.png,7
img_1245.png,1
img_1246.png,7
img_1247.png,4
img_1248.png,2
img_1249.png,10
img_1250.png,4
img_1251.png,7
img_1252.png,6
img_1253.png,5
img_1254.png,1
img_1255.png,3
img_1256.png,8
img_1257.png,3
img_1258.png,8
img_1259.png,8
img_1260.png,2
img_1261.png,5
img_1262.png,1
img_1263.png,6
img_1264.png,5
img_1265.png,10
img_1266.png,10
img_1267.png,2
img_1268.png,6
img_1269.png,9
img_1270.png,1
img_1271.png,10
img_1272.png,4
img_1273.png,10
img_1274.png,9
img_1275.png,3
img_1276.png,5
img_1277.png,1
img_1278.png,4
img_1279.png,7
img_1280.png,3
img_1281.png,5
img_1282.png,9
img_1283.png,10
img_1284.png,10
img_1285.png,7
img_1286.png,1
img_1287.png,1
img_1288.png,3
img_1289.png,10
img_1290.png,5
img_1291.png,9
img_1292.png,10
img_1293.png,8
img_1294.png,5
img_1295.png,7
img_1296.png,4
img_1297.png,6
img_1298.png,3
img_1299.png,5
img_1300.png,1
img_1301.png,9
img_1302.png,7
img_1303.png,1
img_1304.png,7
img_1305.png,6
img_1306.png,10
img_1307.png,7
img_1308.png,1
img_1309.png,5
img_1310.png,2
img_1311.png,4
img_1312.png,5
img_1313.png,9
img_1314.png,2
img_1315.png,10
img_1316.png,3
img_1317.png,3
img_1318.png,3
img_1319.png,9
img_1320.png,4
img_1321.png,9
img_1322.png,7
img_1323.png,4
img_1324.png,5
img_1325.png,3
img_1326.png,7
img_1327.png,7
img_1328.png,7
img_1329.png,9
img_1330.png,2
img_1331.png,5
img_1332.png,6
img_1333.png,10
img_1334.png,10
img_1335.png,1
img_1336.png,2
img_1337.png,7
img_1338.png,3
img_1339.png,4
img_1340.png,2
img_1341.png,9
img_1342.png,3
img_1343.png,2
img_1344.png,1
img_1345.png,8
img_1346.png,2
img_1347.png,9
img_1348.png,3
img_1349.png,3
img_1350.png,9
img_1351.png,6
img_1352.png,7
img_1353.png,3
img_1354.png,9
img_1355.png,8
img_1356.png,6
img_1357.png,7
img_1358.png,3
img_1359.png,4
img_1360.png,3
img_1361.png,3
img_1362.png,10
img_1363.png,5
img_1364.png,2
img_1365.png,1
img_1366.png,2
img_1367.png,1
img_1368.png,7
img_1369.png,5
img_1370.png,10
img_1371.png,6
img_1372.png,7
img_1373.png,7
img_1374.png,4
img_1375.png,6
img_1376.png,1
img_1377.png,8
img_1378.png,10
img_1379.png,5
img_1380.png,4
img_1381.png,10
img_1382.png,6
img_1383.png,8
img_1384.png,2
img_1385.png,10
img_1386.png,8
img_1387.png,9
img_1388.png,9
img_1389.png,3
img_1390.png,5
img_1391.png,3
img_1392.png,10
img_1393.png,9
img_1394.png,8
img_1395.png,4
img_1396.png,8
img_1397.png,6
img_1398.png,10
img_1399.png,3
img_1400.png,10
img_1401.png,10
img_1402.png,5
img_1403.png,3
img_1404.png,10
img_1405.png,6
img_1406.png,1
img_1407.png,8
img_1408.png,5
img_1409.png,4
img_1410.png,5
img_1411.png,10
img_1412.png,3
img_1413.png,6
img_1414.png,9
img_1415.png,9
img_1416.png,10
img_1417.png,1
img_1418.png,8
img_1419.png,7
img_1420.png,1
img_1421.png,6
img_1422.png,1
img_1423.png,3
img_1424.png,3
img_1425.png,1
img_1426.png,6
img_1427.png,7
img_1428.png,9
img_1429.png,9
img_1430.png,8
img_1431.png,5
img_1432.png,5
img_1433.png,9
img_1434.png,2
img_1435.png,3
img_1436.png,10
img_1437.png,4
img_1438.png,1
img_1439.png,8
img_1440.png,4
img_1441.png,4
img_1442.png,7
img_1443.png,6
img_1444.png,6
img_1445.png,2
img_1446.png,3
img_1447.png,3
img_1448.png,6
img_1449.png,2
img_1450.png,9
img_1451.png,2
img_1452.png,10
img_1453.png,4
img_1454.png,1
img_1455.png,3
img_1456.png,3
img_1457.png,9
img_1458.png,10
img_1459.png,1
img_1460.png,10
img_1461.png,8
img_1462.png,1
img_1463.png,8
img_1464.png,9
img_1465.png,2
img_1466.png,1
img_1467.png,6
img_1468.png,4
img_1469.png,9
img_1470.png,10
img_1471.png,6
img_1472.png,10
img_1473.png,2
img_1474.png,6
img_1475.png,5
img_1476.png,3
img_1477.png,5
img_1478.png,9
img_1479.png,9
img_1480.png,7
img_1481.png,6
img_1482.png,7
img_1483.png,2
img_1484.png,6
img_1485.png,9
img_1486.png,4
img_1487.png,2
img_1488.png,5
img_1489.png,3
img_1490.png,1
img_1491.png,3
img_1492.png,1
img_1493.png,10
img_1494.png,2
img_1495.png,4
img_1496.png,1
img_1497.png,2
img_1498.png,7
img_1499.png,3
img_1500.png,5
img_1501.png,6
img_1502.png,3
img_1503.png,3
img_1504.png,6
img_1505.png,9
img_1506.png,9
img_1507.png,4
img_1508.png,5
img_1509.png,3
img_1510.png,6
img_1511.png,2
img_1512.png,8
img_1513.png,10
img_1514.png,10
img_1515.png,2
img_1516.png,9
img_1517.png,4
img_1518.png,6
img_1519.png,2
img_1520.png,4
img_1521.png,4
img_1522.png,6
img_1523.png,9
img_1524.png,1
img_1525.png,2
img_1526.png,5
img_1527.png,1
img_1528.png,9
img_1529.png,2
img_1530.png,1
img_1531.png,4
img_1532.png,7
img_1533.png,4
img_1534.png,4
img_1535.png,10
img_1536.png,2
img_1537.png,4
img_1538.png,9
img_1539.png,6
img_1540.png,1
img_1541.png,4
img_1542.png,3
img_1543.png,4
img_1544.png,7
img_1545.png,7
img_1546.png,9
img_1547.png,8
img_1548.png,6
img_1549.png,2
img_1550.png,4
img_1551.png,3
img_1552.png,8
img_1553.png,1
img_1554.png,7
img_1555.png,2
img_1556.png,6
img_1557.png,4
img_1558.png,5
img_1559.png,1
img_1560.png,8
img_1561.png,9
img_1562.png,1
img_1563.png,5
img_1564.png,2
img_1565.png,2
img_1566.png,4
img_1567.png,2
img_1568.png,1
img_1569.png,6
img_1570.png,9
img_1571.png,9
img_1572.png,8
img_1573.png,8
img_1574.png,7
img_1575.png,4
img_1576.png,7
img_1577.png,10
img_1578.png,10
img_1579.png,9
img_1580.png,9
img_1581.png,2
img_1582.png,9
img_1583.png,1
img_1584.png,10
img_1585.png,4
img_1586.png,8
img_1587.png,5
img_1588.png,8
img_1589.png,4
img_1590.png,4
img_1591.png,8
img_1592.png,4
img_1593.png,6
img_1594.png,6
img_1595.png,4
img_1596.png,8
img_1597.png,4
img_1598.png,8
img_1599.png,7
img_1600.png,10
img_1601.png,1
img_1602.png,6
img_1603.png,1
img_1604.png,7
img_1605.png,6
img_1606.png,7
img_1607.png,4
img_1608.png,4
img_1609.png,6
img_1610.png,8
img_1611.png,2
img_1612.png,1
img_1613.png,3
img_1614.png,9
img_1615.png,1
img_1616.png,2
img_1617.png,10
img_1618.png,9
img_1619.png,7
img_1620.png,1
img_1621.png,4
img_1622.png,2
img_1623.png,8
img_1624.png,1
img_1625.png,9
img_1626.png,6
img_1627.png,5
img_1628.png,2
img_1629.png,6
img_1630.png,5
img_1631.png,9
img_1632.png,3
img_1633.png,8
img_1634.png,7
img_1635.png,9
img_1636.png,5
img_1637.png,2
img_1638.png,4
img_1639.png,7
img_1640.png,4
img_1641.png,5
img_1642.png,8
img_1643.png,9
img_1644.png,1
img_1645.png,9
img_1646.png,10
img_1647.png,4
img_1648.png,2
img_1649.png,4
img_1650.png,9
img_1651.png,6
img_1652.png,10
img_1653.png,3
img_1654.png,7
img_1655.png,8
img_1656.png,1
img_1657.png,8
img_1658.png,4
img_1659.png,1
img_1660.png,2
img_1661.png,4
img_1662.png,2
img_1663.png,10
img_1664.png,6
img_1665.png,8
img_1666.png,6
img_1667.png,5
img_1668.png,4
img_1669.png,8
img_1670.png,8
img_1671.png,5
img_1672.png,9
img_1673.png,8
img_1674.png,2
img_1675.png,2
img_1676.png,2
img_1677.png,2
img_1678.png,6
img_1679.png,4
img_1680.png,4
img_1681.png,10
img_1682.png,8
img_1683.png,8
img_1684.png,4
img_1685.png,1
img_1686.png,1
img_1687.png,10
img_1688.png,2
img_1689.png,6
img_1690.png,6
img_1691.png,4
img_1692.png,3
img_1693.png,7
img_1694.png,10
img_1695.png,1
img_1696.png,9
img_1697.png,8
img_1698.png,8
img_1699.png,6
img_1700.png,5
img_1701.png,1
img_1702.png,1
img_1703.png,7
img_1704.png,3
img_1705.png,2
img_1706.png,6
img_1707.png,2
img_1708.png,9
img_1709.png,3
img_1710.png,7
img_1711.png,8
img_1712.png,7
img_1713.png,4
img_1714.png,3
img_1715.png,3
img_1716.png,10
img_1717.png,5
img_1718.png,9
img_1719.png,5
img_1720.png,10
img_1721.png,3
img_1722.png,9
img_1723.png,4
img_1724.png,8
img_1725.png,4
img_1726.png,9
img_1727.png,1
img_1728.png,7
img_1729.png,2
img_1730.png,2
img_1731.png,6
img_1732.png,2
img_1733.png,10
img_1734.png,1
img_1735.png,3
img_1736.png,1
img_1737.png,10
img_1738.png,10
img_1739.png,8
img_1740.png,10
img_1741.png,5
img_1742.png,4
img_1743.png,4
img_1744.png,3
img_1745.png,4
img_1746.png,3
img_1747.png,9
img_1748.png,2
img_1749.png,6
img_1750.png,6
img_1751.png,6
img_1752.png,10
img_1753.png,6
img_1754.png,9
img_1755.png,7
img_1756.png,3
img_1757.png,4
img_1758.png,3
img_1759.png,8
img_1760.png,8
img_1761.png,7
img_1762.png,10
img_1763.png,2
img_1764.png,5
img_1765.png,7
img_1766.png,8
img_1767.png,6
img_1768.png,7
img_1769.png,2
img_1770.png,2
img_1771.png,4
img_1772.png,8
img_1773.png,2
img_1774.png,2
img_1775.png,9
img_1776.png,10
img_1777.png,7
img_1778.png,8
img_1779.png,7
img_1780.png,4
img_1781.png,4
img_1782.png,9
img_1783.png,9
img_1784.png,10
img_1785.png,4
img_1786.png,10
img_1787.png,7
img_1788.png,6
img_1789.png,3
img_1790.png,7
img_1791.png,3
img_1792.png,7
img_1793.png,7
img_1794.png,5
img_1795.png,6
img_1796.png,8
img_1797.png,4
img_1798.png,6
img_1799.png,8
img_1800.png,8
img_1801.png,1
img_1802.png,3
img_1803.png,8
img_1804.png,10
img_1805.png,6
img_1806.png,7
img_1807.png,1
img_1808.png,4
img_1809.png,10
img_1810.png,6
img_1811.png,8
img_1812.png,2
img_1813.png,9
img_1814.png,3
img_1815.png,8
img_1816.png,10
img_1817.png,9
img_1818.png,1
img_1819.png,2
img_1820.png,2
img_1821.png,10
img_1822.png,1
img_1823.png,7
img_1824.png,5
img_1825.png,1
img_1826.png,8
img_1827.png,9
img_1828.png,10
img_1829.png,2
img_1830.png,4
img_1831.png,1
img_1832.png,6
img_1833.png,10
img_1834.png,5
img_1835.png,1
img_1836.png,1
img_1837.png,6
img_1838.png,7
img_1839.png,6
img_1840.png,1
img_1841.png,7
img_1842.png,5
img_1843.png,6
img_1844.png,1
img_1845.png,2
img_1846.png,3
img_1847.png,10
img_1848.png,2
img_1849.png,10
img_1850.png,2
img_1851.png,8
img_1852.png,10
img_1853.png,4
img_1854.png,2
img_1855.png,9
img_1856.png,7
img_1857.png,5
img_1858.png,7
img_1859.png,4
img_1860.png,8
img_1861.png,9
img_1862.png,2
img_1863.png,6
img_1864.png,7
img_1865.png,6
img_1866.png,8
img_1867.png,7
img_1868.png,9
img_1869.png,7
img_1870.png,4
img_1871.png,5
img_1872.png,5
img_1873.png,4
img_1874.png,7
img_1875.png,2
img_1876.png,6
img_1877.png,7
img_1878.png,2
img_1879.png,6
img_1880.png,8
img_1881.png,5
img_1882.png,2
img_1883.png,7
img_1884.png,7
img_1885.png,2
img_1886.png,5
img_1887.png,6
img_1888.png,5
img_1889.png,7
img_1890.png,7
img_1891.png,8
img_1892.png,7
img_1893.png,9
img_1894.png,8
img_1895.png,3
img_1896.png,2
img_1897.png,3
img_1898.png,7
img_1899.png,6
img_1900.png,1
img_1901.png,9
img_1902.png,6
img_1903.png,5
img_1904.png,6
img_1905.png,9
img_1906.png,8
img_1907.png,2
img_1908.png,8
img_1909.png,5
img_1910.png,4
img_1911.png,4
img_1912.png,4
img_1913.png,7
img_1914.png,7
img_1915.png,8
img_1916.png,7
img_1917.png,9
img_1918.png,6
img_1919.png,10
img_1920.png,2
img_1921.png,7
img_1922.png,4
img_1923.png,6
img_1924.png,6
img_1925.png,2
img_1926.png,8
img_1927.png,6
img_1928.png,4
img_1929.png,5
img_1930.png,2
img_1931.png,6
img_1932.png,7
img_1933.png,5
img_1934.png,8
img_1935.png,6
img_1936.png,1
img_1937.png,10
img_1938.png,8
img_1939.png,1
img_1940.png,5
img_1941.png,8
img_1942.png,8
img_1943.png,9
img_1944.png,9
img_1945.png,3
img_1946.png,7
img_1947.png,8
img_1948.png,7
img_1949.png,10
img_1950.png,9
img_1951.png,5
img_1952.png,4
img_1953.png,8
img_1954.png,2
img_1955.png,4
img_1956.png,1
img_1957.png,4
img_1958.png,4
img_1959.png,2
img_1960.png,8
img_1961.png,9
img_1962.png,10
img_1963.png,1
img_1964.png,10
img_1965.png,6
img_1966.png,3
img_1967.png,8
img_1968.png,1
img_1969.png,4
img_1970.png,9
img_1971.png,8
img_1972.png,4
img_1973.png,4
img_1974.png,8
img_1975.png,3
img_1976.png,7
img_1977.png,9
img_1978.png,5
img_1979.png,5
img_1980.png,10
img_1981.png,4
img_1982.png,2
img_1983.png,9
img_1984.png,4
img_1985.png,7
img_1986.png,5
img_1987.png,4
img_1988.png,8
img_1989.png,7
img_1990.png,3
img_1991.png,4
img_1992.png,3
img_1993.png,2
img_1994.png,5
img_1995.png,1
img_1996.png,9
img_1997.png,6
img_1998.png,10
img_1999.png,6
img_2000.png,6
img_2001.png,3
img_2002.png,7
img_2003.png,10
img_2004.png,5
img_2005.png,10
img_2006.png,4
img_2007.png,6
img_2008.png,1
img_2009.png,6
img_2010.png,5
img_2011.png,10
img_2012.png,10
img_2013.png,4
img_2014.png,10
img_2015.png,5
img_2016.png,6
img_2017.png,8
img_2018.png,1
img_2019.png,8
img_2020.png,8
img_2021.png,5
img_2022.png,5
img_2023.png,10
img_2024.png,1
img_2025.png,3
img_2026.png,9
img_2027.png,3
img_2028.png,2
img_2029.png,8
img_2030.png,9
img_2031.png,9
img_2032.png,2
img_2033.png,10
img_2034.png,6
img_2035.png,10
img_2036.png,5
img_2037.png,2
img_2038.png,9
img_2039.png,9
img_2040.png,2
img_2041.png,6
img_2042.png,7
img_2043.png,5
img_2044.png,9
img_2045.png,5
img_2046.png,8
img_2047.png,2
img_2048.png,2
img_2049.png,9
img_2050.png,7
img_2051.png,6
img_2052.png,8
img_2053.png,6
img_2054.png,4
img_2055.png,7
img_2056.png,8
img_2057.png,5
img_2058.png,9
img_2059.png,4
img_2060.png,9
img_2061.png,5
img_2062.png,5
img_2063.png,8
img_2064.png,1
img_2065.png,9
img_2066.png,2
img_2067.png,4
img_2068.png,9
img_2069.png,5
img_2070.png,8
img_2071.png,6
img_2072.png,9
img_2073.png,3
img_2074.png,1
img_2075.png,1
img_2076.png,1
img_2077.png,8
img_2078.png,8
img_2079.png,8
img_2080.png,6
img_2081.png,6
img_2082.png,9
img_2083.png,2
img_2084.png,3
img_2085.png,2
img_2086.png,4
img_2087.png,10
img_2088.png,7
img_2089.png,1
img_2090.png,8
img_2091.png,3
img_2092.png,5
img_2093.png,8
img_2094.png,5
img_2095.png,1
img_2096.png,1
img_2097.png,3
img_2098.png,8
img_2099.png,1
img_2100.png,5
img_2101.png,8
img_2102.png,4
img_2103.png,10
img_2104.png,10
img_2105.png,3
img_2106.png,9
img_2107.png,2
img_2108.png,1
img_2109.png,7
img_2110.png,7
img_2111.png,8
img_2112.png,8
img_2113.png,1
img_2114.png,4
img_2115.png,2
img_2116.png,8
img_2117.png,10
img_2118.png,8
img_2119.png,3
img_2120.png,5
img_2121.png,3
img_2122.png,10
img_2123.png,7
img_2124.png,1
img_2125.png,3
img_2126.png,1
img_2127.png,9
img_2128.png,1
img_2129.png,1
img_2130.png,4
img_2131.png,6
img_2132.png,10
img_2133.png,5
img_2134.png,4
img_2135.png,10
img_2136.png,10
img_2137.png,3
img_2138.png,8
img_2139.png,2
img_2140.png,7
img_2141.png,2
img_2142.png,5
img_2143.png,5
img_2144.png,5
img_2145.png,10
img_2146.png,4
img_2147.png,7
img_2148.png,7
img_2149.png,7
img_2150.png,6
img_2151.png,9
img_2152.png,2
img_2153.png,6
img_2154.png,5
img_2155.png,6
img_2156.png,6
img_2157.png,6
img_2158.png,9
img_2159.png,5
img_2160.png,3
img_2161.png,6
img_2162.png,10
img_2163.png,3
img_2164.png,1
img_2165.png,1
img_2166.png,2
img_2167.png,10
img_2168.png,10
img_2169.png,10
img_2170.png,10
img_2171.png,2
img_2172.png,4
img_2173.png,8
img_2174.png,1
img_2175.png,9
img_2176.png,9
img_2177.png,8
img_2178.png,5
img_2179.png,2
img_2180.png,10
img_2181.png,2
img_2182.png,6
img_2183.png,6
img_2184.png,6
img_2185.png,8
img_2186.png,3
img_2187.png,4
img_2188.png,3
img_2189.png,9
img_2190.png,5
img_2191.png,3
img_2192.png,7
img_2193.png,10
img_2194.png,2
img_2195.png,10
img_2196.png,1
img_2197.png,5
img_2198.png,1
img_2199.png,8
img_2200.png,10
img_2201.png,3
img_2202.png,9
img_2203.png,2
img_2204.png,3
img_2205.png,9
img_2206.png,9
img_2207.png,9
img_2208.png,3
img_2209.png,9
img_2210.png,1
img_2211.png,3
img_2212.png,5
img_2213.png,2
img_2214.png,9
img_2215.png,6
img_2216.png,9
img_2217.png,1
img_2218.png,10
img_2219.png,1
img_2220.png,6
img_2221.png,10
img_2222.png,10
img_2223.png,5
img_2224.png,2
img_2225.png,1
img_2226.png,8
img_2227.png,5
img_2228.png,2
img_2229.png,2
img_2230.png,5
img_2231.png,8
img_2232.png,10
img_2233.png,2
img_2234.png,2
img_2235.png,7
img_2236.png,3
img_2237.png,6
img_2238.png,9
img_2239.png,1
img_2240.png,9
img_2241.png,7
img_2242.png,6
img_2243.png,3
img_2244.png,2
img_2245.png,1
img_2246.png,3
img_2247.png,5
img_2248.png,8
img_2249.png,9
img_2250.png,2
img_2251.png,3
img_2252.png,7
img_2253.png,6
img_2254.png,1
img_2255.png,9
img_2256.png,2
img_2257.png,9
img_2258.png,7
img_2259.png,5
img_2260.png,3
img_2261.png,10
img_2262.png,8
img_2263.png,5
img_2264.png,5
img_2265.png,3
img_2266.png,5
img_2267.png,6
img_2268.png,3
img_2269.png,5
img_2270.png,7
img_2271.png,5
img_2272.png,2
img_2273.png,1
img_2274.png,7
img_2275.png,2
img_2276.png,3
img_2277.png,1
img_2278.png,5
img_2279.png,5
img_2280.png,7
img_2281.png,3
img_2282.png,5
img_2283.png,5
img_2284.png,6
img_2285.png,4
img_2286.png,2
img_2287.png,6
img_2288.png,7
img_2289.png,4
img_2290.png,2
img_2291.png,4
img_2292.png,10
img_2293.png,9
img_2294.png,8
img_2295.png,1
img_2296.png,2
img_2297.png,9
img_2298.png,6
img_2299.png,3
img_2300.png,9
img_2301.png,8
img_2302.png,4
img_2303.png,8
img_2304.png,10
img_2305.png,4
img_2306.png,8
img_2307.png,9
img_2308.png,7
img_2309.png,10
img_2310.png,3
img_2311.png,5
img_2312.png,2
img_2313.png,8
img_2314.png,1
img_2315.png,5
img_2316.png,9
img_2317.png,5
img_2318.png,1
img_2319.png,6
img_2320.png,8
img_2321.png,3
img_2322.png,10
img_2323.png,7
img_2324.png,2
img_2325.png,6
img_2326.png,8
img_2327.png,4
img_2328.png,6
img_2329.png,1
img_2330.png,1
img_2331.png,2
img_2332.png,4
img_2333.png,3
img_2334.png,10
img_2335.png,6
img_2336.png,3
img_2337.png,3
img_2338.png,10
img_2339.png,4
img_2340.png,6
img_2341.png,1
img_2342.png,2
img_2343.png,3
img_2344.png,6
img_2345.png,4
img_2346.png,2
img_2347.png,9
img_2348.png,5
img_2349.png,9
img_2350.png,2
img_2351.png,6
img_2352.png,3
img_2353.png,2
img_2354.png,7
img_2355.png,5
img_2356.png,10
img_2357.png,5
img_2358.png,6
img_2359.png,6
img_2360.png,1
img_2361.png,7
img_2362.png,6
img_2363.png,9
img_2364.png,4
img_2365.png,9
img_2366.png,6
img_2367.png,5
img_2368.png,8
img_2369.png,1
img_2370.png,1
img_2371.png,7
img_2372.png,8
img_2373.png,3
img_2374.png,8
img_2375.png,9
img_2376.png,2
img_2377.png,6
img_2378.png,3
img_2379.png,10
img_2380.png,4
img_2381.png,10
img_2382.png,4
img_2383.png,6
img_2384.png,7
img_2385.png,7
img_2386.png,2
img_2387.png,2
img_2388.png,9
img_2389.png,2
img_2390.png,3
img_2391.png,5
img_2392.png,3
img_2393.png,2
img_2394.png,10
img_2395.png,1
img_2396.png,7
img_2397.png,8
img_2398.png,6
img_2399.png,5
img_2400.png,9
img_2401.png,1
img_2402.png,6
img_2403.png,5
img_2404.png,7
img_2405.png,7
img_2406.png,3
img_2407.png,8
img_2408.png,6
img_2409.png,7
img_2410.png,5
img_2411.png,10
img_2412.png,6
img_2413.png,3
img_2414.png,5
img_2415.png,1
img_2416.png,7
img_2417.png,1
img_2418.png,4
img_2419.png,1
img_2420.png,6
img_2421.png,1
img_2422.png,3
img_2423.png,7
img_2424.png,2
img_2425.png,3
img_2426.png,6
img_2427.png,9
img_2428.png,7
img_2429.png,5
img_2430.png,5
img_2431.png,7
img_2432.png,2
img_2433.png,7
img_2434.png,8
img_2435.png,9
img_2436.png,9
img_2437.png,1
img_2438.png,8
img_2439.png,4
img_2440.png,7
img_2441.png,2
img_2442.png,9
img_2443.png,2
img_2444.png,5
img_2445.png,8
img_2446.png,3
img_2447.png,10
img_2448.png,8
img_2449.png,5
img_2450.png,2
img_2451.png,10
img_2452.png,5
img_2453.png,1
img_2454.png,8
img_2455.png,5
img_2456.png,4
img_2457.png,6
img_2458.png,7
img_2459.png,8
img_2460.png,4
img_2461.png,10
img_2462.png,3
img_2463.png,7
img_2464.png,8
img_2465.png,7
img_2466.png,2
img_2467.png,3
img_2468.png,9
img_2469.png,10
img_2470.png,8
img_2471.png,9
img_2472.png,6
img_2473.png,6
img_2474.png,2
img_2475.png,10
img_2476.png,1
img_2477.png,5
img_2478.png,10
img_2479.png,8
img_2480.png,8
img_2481.png,8
img_2482.png,7
img_2483.png,7
img_2484.png,10
img_2485.png,2
img_2486.png,5
img_2487.png,1
img_2488.png,5
img_2489.png,8
img_2490.png,10
img_2491.png,6
img_2492.png,2
img_2493.png,3
img_2494.png,1
img_2495.png,3
img_2496.png,3
img_2497.png,1
img_2498.png,1
img_2499.png,9
img_2500.png,7
img_2501.png,4
img_2502.png,6
img_2503.png,4
img_2504.png,2
img_2505.png,3
img_2506.png,1
img_2507.png,10
img_2508.png,7
img_2509.png,2
img_2510.png,6
img_2511.png,4
img_2512.png,4
img_2513.png,9
img_2514.png,2
img_2515.png,10
img_2516.png,9
img_2517.png,8
img_2518.png,3
img_2519.png,10
img_2520.png,3
img_2521.png,7
img_2522.png,5
img_2523.png,6
img_2524.png,2
img_2525.png,5
img_2526.png,3
img_2527.png,9
img_2528.png,2
img_2529.png,1
img_2530.png,9
img_2531.png,5
img_2532.png,1
img_2533.png,6
img_2534.png,8
img_2535.png,8
img_2536.png,1
img_2537.png,4
img_2538.png,6
img_2539.png,10
img_2540.png,1
img_2541.png,3
img_2542.png,3
img_2543.png,5
img_2544.png,1
img_2545.png,8
img_2546.png,7
img_2547.png,1
img_2548.png,10
img_2549.png,7
img_2550.png,1
img_2551.png,7
img_2552.png,2
img_2553.png,3
img_2554.png,2
img_2555.png,10
img_2556.png,6
img_2557.png,2
img_2558.png,5
img_2559.png,7
img_2560.png,10
img_2561.png,3
img_2562.png,10
img_2563.png,10
img_2564.png,5
img_2565.png,10
img_2566.png,2
img_2567.png,7
img_2568.png,10
img_2569.png,10
img_2570.png,7
img_2571.png,9
img_2572.png,9
img_2573.png,9
img_2574.png,7
img_2575.png,6
img_2576.png,8
img_2577.png,9
img_2578.png,7
img_2579.png,9
img_2580.png,7
img_2581.png,1
img_2582.png,3
img_2583.png,9
img_2584.png,7
img_2585.png,1
img_2586.png,9
img_2587.png,9
img_2588.png,10
img_2589.png,7
img_2590.png,9
img_2591.png,8
img_2592.png,9
img_2593.png,5
img_2594.png,1
img_2595.png,10
img_2596.png,9
img_2597.png,5
img_2598.png,4
img_2599.png,4
img_2600.png,9
img_2601.png,5
img_2602.png,6
img_2603.png,9
img_2604.png,2
img_2605.png,7
img_2606.png,4
img_2607.png,1
img_2608.png,10
img_2609.png,8
img_2610.png,9
img_2611.png,8
img_2612.png,1
img_2613.png,10
img_2614.png,2
img_2615.png,9
img_2616.png,9
img_2617.png,5
img_2618.png,4
img_2619.png,1
img_2620.png,6
img_2621.png,5
img_2622.png,8
img_2623.png,2
img_2624.png,7
img_2625.png,7
img_2626.png,2
img_2627.png,9
img_2628.png,4
img_2629.png,1
img_2630.png,10
img_2631.png,8
img_2632.png,3
img_2633.png,9
img_2634.png,9
img_2635.png,4
img_2636.png,4
img_2637.png,5
img_2638.png,2
img_2639.png,2
img_2640.png,7
img_2641.png,3
img_2642.png,8
img_2643.png,5
img_2644.png,3
img_2645.png,2
img_2646.png,4
img_2647.png,10
img_2648.png,3
img_2649.png,7
img_2650.png,7
img_2651.png,6
img_2652.png,9
img_2653.png,7
img_2654.png,8
img_2655.png,1
img_2656.png,2
img_2657.png,4
img_2658.png,9
img_2659.png,3
img_2660.png,8
img_2661.png,8
img_2662.png,7
img_2663.png,5
img_2664.png,6
img_2665.png,6
img_2666.png,2
img_2667.png,5
img_2668.png,1
img_2669.png,2
img_2670.png,8
img_2671.png,6
img_2672.png,8
img_2673.png,3
img_2674.png,10
img_2675.png,8
img_2676.png,1
img_2677.png,6
img_2678.png,6
img_2679.png,6
img_2680.png,2
img_2681.png,9
img_2682.png,4
img_2683.png,3
img_2684.png,5
img_2685.png,10
img_2686.png,4
img_2687.png,9
img_2688.png,8
img_2689.png,5
img_2690.png,6
img_2691.png,7
img_2692.png,6
img_2693.png,10
img_2694.png,10
img_2695.png,8
img_2696.png,3
img_2697.png,5
img_2698.png,8
img_2699.png,4
img_2700.png,6
img_2701.png,8
img_2702.png,8
img_2703.png,2
img_2704.png,6
img_2705.png,8
img_2706.png,3
img_2707.png,8
img_2708.png,6
img_2709.png,5
img_2710.png,9
img_2711.png,8
img_2712.png,8
img_2713.png,5
img_2714.png,7
img_2715.png,2
img_2716.png,3
img_2717.png,8
img_2718.png,1
img_2719.png,5
img_2720.png,10
img_2721.png,9
img_2722.png,8
img_2723.png,9
img_2724.png,9
img_2725.png,4
img_2726.png,10
img_2727.png,7
img_2728.png,9
img_2729.png,10
img_2730.png,8
img_2731.png,3
img_2732.png,1
img_2733.png,3
img_2734.png,1
img_2735.png,2
img_2736.png,2
img_2737.png,2
img_2738.png,4
img_2739.png,10
img_2740.png,8
img_2741.png,9
img_2742.png,7
img_2743.png,9
img_2744.png,7
img_2745.png,4
img_2746.png,2
img_2747.png,1
img_2748.png,9
img_2749.png,3
img_2750.png,3
img_2751.png,7
img_2752.png,1
img_2753.png,2
img_2754.png,9
img_2755.png,4
img_2756.png,7
img_2757.png,5
img_2758.png,7
img_2759.png,2
img_2760.png,8
img_2761.png,7
img_2762.png,10
img_2763.png,10
img_2764.png,10
img_2765.png,6
img_2766.png,8
img_2767.png,5
img_2768.png,1
img_2769.png,3
img_2770.png,2
img_2771.png,1
img_2772.png,2
img_2773.png,5
img_2774.png,3
img_2775.png,5
img_2776.png,7
img_2777.png,10
img_2778.png,2
img_2779.png,7
img_2780.png,10
img_2781.png,9
img_2782.png,2
img_2783.png,3
img_2784.png,3
img_2785.png,10
img_2786.png,1
img_2787.png,7
img_2788.png,10
img_2789.png,9
img_2790.png,1
img_2791.png,3
img_2792.png,4
img_2793.png,5
img_2794.png,9
img_2795.png,9
img_2796.png,3
img_2797.png,6
img_2798.png,7
img_2799.png,10
img_2800.png,4
img_2801.png,1
img_2802.png,2
img_2803.png,3
img_2804.png,1
img_2805.png,3
img_2806.png,2
img_2807.png,5
img_2808.png,8
img_2809.png,4
img_2810.png,9
img_2811.png,1
img_2812.png,5
img_2813.png,1
img_2814.png,8
img_2815.png,8
img_2816.png,1
img_2817.png,6
img_2818.png,7
img_2819.png,1
img_2820.png,10
img_2821.png,10
img_2822.png,10
img_2823.png,7
img_2824.png,10
img_2825.png,9
img_2826.png,9
img_2827.png,8
img_2828.png,6
img_2829.png,8
img_2830.png,5
img_2831.png,8
img_2832.png,5
img_2833.png,10
img_2834.png,5
img_2835.png,7
img_2836.png,6
img_2837.png,8
img_2838.png,6
img_2839.png,9
img_2840.png,8
img_2841.png,2
img_2842.png,2
img_2843.png,4
img_2844.png,6
img_2845.png,9
img_2846.png,2
img_2847.png,4
img_2848.png,8
img_2849.png,5
img_2850.png,6
img_2851.png,1
img_2852.png,9
img_2853.png,4
img_2854.png,5
img_2855.png,1
img_2856.png,4
img_2857.png,3
img_2858.png,8
img_2859.png,8
img_2860.png,8
img_2861.png,4
img_2862.png,4
img_2863.png,7
img_2864.png,9
img_2865.png,6
img_2866.png,3
img_2867.png,8
img_2868.png,7
img_2869.png,9
img_2870.png,2
img_2871.png,2
img_2872.png,10
img_2873.png,7
img_2874.png,3
img_2875.png,10
img_2876.png,5
img_2877.png,10
img_2878.png,9
img_2879.png,9
img_2880.png,6
img_2881.png,10
img_2882.png,4
img_2883.png,1
img_2884.png,3
img_2885.png,7
img_2886.png,3
img_2887.png,3
img_2888.png,5
img_2889.png,6
img_2890.png,7
img_2891.png,2
img_2892.png,10
img_2893.png,4
img_2894.png,1
img_2895.png,5
img_2896.png,6
img_2897.png,1
img_2898.png,8
img_2899.png,4
img_2900.png,2
img_2901.png,4
img_2902.png,8
img_2903.png,9
img_2904.png,4
img_2905.png,6
img_2906.png,10
img_2907.png,6
img_2908.png,7
img_2909.png,3
img_2910.png,2
img_2911.png,3
img_2912.png,8
img_2913.png,7
img_2914.png,5
img_2915.png,5
img_2916.png,9
img_2917.png,7
img_2918.png,8
img_2919.png,5
img_2920.png,3
img_2921.png,9
img_2922.png,3
img_2923.png,5
img_2924.png,2
img_2925.png,6
img_2926.png,8
img_2927.png,6
img_2928.png,1
img_2929.png,3
img_2930.png,6
img_2931.png,10
img_2932.png,1
img_2933.png,2
img_2934.png,2
img_2935.png,6
img_2936.png,6
img_2937.png,9
img_2938.png,4
img_2939.png,3
img_2940.png,7
img_2941.png,1
img_2942.png,8
img_2943.png,1
img_2944.png,5
img_2945.png,6
img_2946.png,5
img_2947.png,7
img_2948.png,3
img_2949.png,9
img_2950.png,3
img_2951.png,8
img_2952.png,1
img_2953.png,3
img_2954.png,6
img_2955.png,2
img_2956.png,1
img_2957.png,7
img_2958.png,2
img_2959.png,6
img_2960.png,1
img_2961.png,7
img_2962.png,4
img_2963.png,6
img_2964.png,3
img_2965.png,2
img_2966.png,9
img_2967.png,4
img_2968.png,5
img_2969.png,2
img_2970.png,2
img_2971.png,2
img_2972.png,2
img_2973.png,6
img_2974.png,1
img_2975.png,6
img_2976.png,4
img_2977.png,1
img_2978.png,3
img_2979.png,6
img_2980.png,6
img_2981.png,8
img_2982.png,3
img_2983.png,3
img_2984.png,5
img_2985.png,2
img_2986.png,9
img_2987.png,6
img_2988.png,5
img_2989.png,6
img_2990.png,10
img_2991.png,8
img_2992.png,4
img_2993.png,2
img_2994.png,9
img_2995.png,7
img_2996.png,10
img_2997.png,2
img_2998.png,5
img_2999.png,7
